Image,R,G,B,H,S,V,pH
soil_0001.jpg,208,122,105,9.93,126.74,207.76,5.87
soil_0002.jpg,237,172,125,25.19,120.2,237.27,8.75
soil_0003.jpg,238,145,108,16.92,138.56,237.53,7.66
soil_0004.jpg,229,156,102,25.51,141.59,229.45,6.99
soil_0005.jpg,195,120,81,20.7,148.81,194.69,4.78
soil_0006.jpg,200,106,82,12.36,150.2,199.9,4.78
soil_0007.jpg,190,110,73,19.01,156.71,189.83,4.29
soil_0008.jpg,249,161,115,20.37,136.65,248.71,8.33
soil_0009.jpg,223,153,107,23.56,132.66,222.95,7.01
soil_0010.jpg,215,169,118,31.32,115.02,215.26,7.54
soil_0011.jpg,183,93,82,6.87,140.77,182.85,4.1
soil_0012.jpg,254,176,127,22.78,127.31,254.25,8.85
soil_0013.jpg,244,164,121,20.95,129.13,244.2,8.16
soil_0014.jpg,181,129,81,29.18,140.99,180.66,5.06
soil_0015.jpg,180,123,86,23.59,133.06,180.29,4.91
soil_0016.jpg,202,115,80,17.14,154.17,201.79,4.92
soil_0017.jpg,200,127,98,16.8,130.07,200.16,5.52
soil_0018.jpg,224,137,92,20.53,150.64,224.43,6.62
soil_0019.jpg,211,148,98,26.53,136.48,210.76,6.16
soil_0020.jpg,200,129,95,19.31,133.58,199.93,5.46
soil_0021.jpg,234,167,113,27.12,132.13,233.81,7.06
soil_0022.jpg,183,118,106,9.58,107.61,182.69,4.7
soil_0023.jpg,201,122,96,15.28,133.48,200.59,5.46
soil_0024.jpg,201,120,89,16.68,141.93,200.74,5.83
soil_0025.jpg,208,124,101,12.44,130.62,208.0,6.28
soil_0026.jpg,235,148,107,19.16,138.82,234.82,7.93
soil_0027.jpg,195,125,87,21.16,141.26,194.72,5.0
soil_0028.jpg,212,148,99,26.18,136.08,212.05,6.57
soil_0029.jpg,235,135,117,8.82,127.89,235.44,6.96
soil_0030.jpg,172,120,74,28.29,144.68,171.62,4.23
soil_0031.jpg,222,146,110,19.07,128.76,222.25,7.04
soil_0032.jpg,186,122,81,23.47,144.24,185.78,4.85
soil_0033.jpg,197,128,94,19.98,133.45,196.58,4.33
soil_0034.jpg,252,181,128,25.6,125.76,252.44,8.74
soil_0035.jpg,255,172,146,14.11,108.79,255.0,8.83
soil_0036.jpg,225,156,129,16.63,108.68,224.76,8.04
soil_0037.jpg,203,110,97,7.26,132.87,203.23,5.52
soil_0038.jpg,193,109,85,13.53,143.53,193.49,4.49
soil_0039.jpg,231,153,118,18.58,124.12,230.83,7.42
soil_0040.jpg,222,130,86,19.4,156.25,221.75,6.2
soil_0041.jpg,181,116,81,21.06,141.37,181.28,4.61
soil_0042.jpg,230,143,111,16.18,131.37,229.53,6.48
soil_0043.jpg,203,109,78,15.21,157.39,202.62,4.17
soil_0044.jpg,244,165,117,22.47,132.59,243.9,8.55
soil_0045.jpg,193,128,90,22.04,135.25,192.54,5.29
soil_0046.jpg,243,158,128,15.61,120.91,242.84,7.31
soil_0047.jpg,217,120,104,8.67,132.87,216.98,5.56
soil_0048.jpg,212,157,105,28.91,128.26,212.07,6.6
soil_0049.jpg,215,145,115,17.96,118.67,215.11,6.73
soil_0050.jpg,188,122,84,21.72,141.81,188.44,4.92
soil_0051.jpg,239,181,118,31.2,128.8,238.73,8.85
soil_0052.jpg,228,163,113,26.28,128.34,227.95,7.88
soil_0053.jpg,240,181,143,23.74,103.42,239.81,8.7
soil_0054.jpg,239,172,125,24.72,121.18,238.61,8.47
soil_0055.jpg,223,144,108,18.55,131.0,223.0,6.99
soil_0056.jpg,251,174,127,23.13,126.26,250.8,8.61
soil_0057.jpg,199,105,96,4.86,131.81,199.33,4.44
soil_0058.jpg,182,123,100,16.79,114.66,182.21,4.98
soil_0059.jpg,190,112,96,9.84,125.9,190.41,4.23
soil_0060.jpg,200,129,93,20.06,135.9,200.13,5.63
soil_0061.jpg,207,134,101,18.9,130.73,206.58,5.94
soil_0062.jpg,205,110,80,14.8,156.02,204.83,5.36
soil_0063.jpg,230,160,135,15.57,104.82,229.94,8.14
soil_0064.jpg,208,134,87,23.12,148.4,208.41,5.78
soil_0065.jpg,200,129,94,20.0,135.58,200.36,5.4
soil_0066.jpg,224,136,98,18.14,142.96,223.93,6.71
soil_0067.jpg,191,130,79,27.2,148.93,190.74,4.7
soil_0068.jpg,255,155,115,17.16,139.58,255.0,8.01
soil_0069.jpg,176,123,75,28.13,145.99,176.36,4.37
soil_0070.jpg,248,179,128,25.57,123.05,248.11,8.93
soil_0071.jpg,231,155,116,20.57,126.72,230.6,7.86
soil_0072.jpg,187,138,94,28.66,126.6,186.79,4.99
soil_0073.jpg,171,99,68,18.05,154.39,171.09,4.03
soil_0074.jpg,252,172,125,22.44,128.9,252.13,8.08
soil_0075.jpg,246,166,126,19.73,124.0,245.92,7.53
soil_0076.jpg,228,152,114,20.2,127.57,227.87,7.65
soil_0077.jpg,229,174,115,31.09,127.06,228.51,7.86
soil_0078.jpg,187,112,78,18.34,148.33,187.45,4.37
soil_0079.jpg,199,136,106,19.15,119.29,199.22,5.79
soil_0080.jpg,192,119,84,19.4,143.33,192.32,4.58
soil_0081.jpg,246,166,121,21.52,129.12,245.99,8.32
soil_0082.jpg,210,158,116,27.1,114.58,210.2,7.12
soil_0083.jpg,218,138,86,23.77,154.24,218.05,5.65
soil_0084.jpg,200,98,85,6.51,146.41,199.92,4.32
soil_0085.jpg,195,142,97,27.34,127.96,194.9,5.55
soil_0086.jpg,198,116,92,13.44,136.38,198.39,5.63
soil_0087.jpg,236,168,111,26.99,135.0,236.43,7.65
soil_0088.jpg,230,162,106,27.35,137.82,229.79,7.19
soil_0089.jpg,252,159,131,13.77,122.31,252.41,8.44
soil_0090.jpg,234,137,113,12.02,131.72,233.68,6.36
soil_0091.jpg,185,107,78,16.5,147.49,184.53,4.6
soil_0092.jpg,224,155,121,20.0,117.79,224.35,7.57
soil_0093.jpg,222,158,103,27.47,136.74,222.11,7.8
soil_0094.jpg,213,154,104,27.54,131.07,213.25,6.81
soil_0095.jpg,236,173,120,27.21,125.5,236.34,7.85
soil_0096.jpg,233,155,97,25.47,148.81,233.23,6.47
soil_0097.jpg,212,139,99,21.44,136.65,212.28,6.61
soil_0098.jpg,212,136,95,20.87,140.63,212.41,6.14
soil_0099.jpg,179,96,80,9.56,141.18,178.85,4.13
soil_0100.jpg,197,109,81,14.58,150.66,197.25,4.54
soil_0101.jpg,205,120,60,24.82,180.36,204.75,4.16
soil_0102.jpg,221,166,96,33.91,144.68,220.98,7.18
soil_0103.jpg,196,119,89,16.72,139.21,196.44,5.57
soil_0104.jpg,227,138,109,14.8,132.6,226.81,6.54
soil_0105.jpg,254,170,106,25.88,148.43,254.19,8.54
soil_0106.jpg,215,128,86,19.63,152.48,214.84,5.25
soil_0107.jpg,215,129,95,17.12,141.69,214.61,6.05
soil_0108.jpg,232,164,131,19.68,111.48,232.0,7.78
soil_0109.jpg,201,120,86,17.86,145.63,200.58,5.14
soil_0110.jpg,194,114,83,16.59,145.32,193.98,4.38
soil_0111.jpg,208,133,94,20.91,139.82,207.68,5.45
soil_0112.jpg,195,120,68,24.56,165.55,194.63,4.81
soil_0113.jpg,255,168,136,16.2,119.38,255.0,8.65
soil_0114.jpg,251,163,124,18.11,128.99,251.31,8.04
soil_0115.jpg,240,151,117,16.76,131.17,239.96,7.17
soil_0116.jpg,251,165,158,4.48,94.98,251.07,8.36
soil_0117.jpg,238,161,106,25.16,141.73,237.64,8.02
soil_0118.jpg,193,136,100,23.02,122.14,192.88,4.93
soil_0119.jpg,255,174,125,22.74,130.01,255.0,8.46
soil_0120.jpg,211,143,109,19.8,122.65,210.68,6.7
soil_0121.jpg,243,170,122,23.62,127.04,243.31,8.04
soil_0122.jpg,243,166,124,21.46,124.48,242.51,8.48
soil_0123.jpg,202,141,90,27.43,141.69,201.93,5.59
soil_0124.jpg,198,120,85,18.42,145.75,198.31,4.55
soil_0125.jpg,197,123,77,23.3,155.15,196.58,5.14
soil_0126.jpg,211,142,107,20.36,125.93,210.63,6.14
soil_0127.jpg,227,150,120,17.02,120.41,226.8,8.09
soil_0128.jpg,251,157,116,18.04,136.79,251.11,8.3
soil_0129.jpg,184,99,73,13.99,154.14,183.92,4.03
soil_0130.jpg,238,145,115,14.33,131.46,238.16,6.55
soil_0131.jpg,206,153,96,30.96,136.65,206.32,6.09
soil_0132.jpg,196,144,92,30.03,136.02,196.4,5.11
soil_0133.jpg,189,123,77,24.59,150.93,188.79,4.6
soil_0134.jpg,219,136,101,17.79,136.8,218.97,5.69
soil_0135.jpg,249,156,136,10.97,116.11,249.05,8.71
soil_0136.jpg,205,126,109,10.41,118.83,204.9,5.62
soil_0137.jpg,223,137,104,16.41,135.76,223.22,6.59
soil_0138.jpg,233,151,122,15.65,121.91,233.43,7.52
soil_0139.jpg,201,132,98,20.0,130.88,200.75,5.82
soil_0140.jpg,254,170,142,15.05,112.34,254.27,8.86
soil_0141.jpg,255,156,126,14.16,129.44,255.0,8.81
soil_0142.jpg,186,133,96,24.24,122.96,186.26,5.26
soil_0143.jpg,217,133,103,15.75,133.83,216.92,6.49
soil_0144.jpg,193,131,93,23.08,132.63,193.25,5.5
soil_0145.jpg,211,147,93,27.37,142.51,210.96,5.42
soil_0146.jpg,165,103,80,16.39,130.9,164.56,4.18
soil_0147.jpg,219,127,110,9.54,126.56,218.69,7.05
soil_0148.jpg,220,140,107,17.89,131.28,219.68,6.51
soil_0149.jpg,197,122,92,17.59,136.22,196.69,4.26
soil_0150.jpg,198,145,100,27.86,126.31,197.89,5.39
soil_0151.jpg,242,159,135,13.54,112.47,241.82,8.54
soil_0152.jpg,214,130,86,20.36,152.53,214.41,5.2
soil_0153.jpg,174,115,77,23.23,141.7,173.68,4.72
soil_0154.jpg,193,141,112,21.66,107.25,192.99,6.45
soil_0155.jpg,255,199,140,31.04,115.3,255.0,8.93
soil_0156.jpg,191,112,102,6.81,119.04,190.73,5.21
soil_0157.jpg,219,157,110,25.77,127.06,218.87,7.36
soil_0158.jpg,243,165,118,22.37,131.27,243.14,7.81
soil_0159.jpg,198,135,77,28.82,156.33,197.88,5.19
soil_0160.jpg,228,159,115,23.51,126.57,227.78,7.64
soil_0161.jpg,193,137,105,21.57,115.89,192.72,5.84
soil_0162.jpg,235,148,109,18.81,137.0,234.7,7.16
soil_0163.jpg,233,154,118,19.11,126.12,232.64,7.17
soil_0164.jpg,218,142,105,19.67,131.58,217.55,6.68
soil_0165.jpg,202,121,84,18.66,149.48,202.44,4.45
soil_0166.jpg,231,162,115,24.38,128.22,231.09,8.18
soil_0167.jpg,187,134,95,25.53,125.03,186.54,5.6
soil_0168.jpg,184,121,63,28.85,168.25,184.5,4.93
soil_0169.jpg,180,122,77,26.27,145.98,179.64,4.2
soil_0170.jpg,225,148,97,24.08,145.28,225.16,6.95
soil_0171.jpg,227,139,125,8.3,115.08,227.13,7.39
soil_0172.jpg,182,121,83,23.3,138.36,181.76,4.08
soil_0173.jpg,204,135,109,16.57,118.64,204.16,6.56
soil_0174.jpg,209,118,101,9.58,131.54,208.95,5.13
soil_0175.jpg,226,147,106,20.73,136.03,226.24,7.23
soil_0176.jpg,202,133,100,19.55,128.57,201.66,4.87
soil_0177.jpg,234,136,123,7.16,120.76,233.9,7.45
soil_0178.jpg,211,163,96,34.9,138.88,211.48,5.93
soil_0179.jpg,255,182,139,22.11,116.1,255.0,8.68
soil_0180.jpg,192,120,75,23.18,155.37,192.17,4.69
soil_0181.jpg,210,132,89,21.11,146.81,209.93,5.71
soil_0182.jpg,199,119,78,20.54,155.52,199.13,4.57
soil_0183.jpg,251,176,125,24.43,127.9,250.58,8.62
soil_0184.jpg,252,174,118,25.07,135.63,252.14,8.39
soil_0185.jpg,196,131,101,19.35,124.16,196.1,5.29
soil_0186.jpg,243,154,112,19.5,137.38,242.55,7.3
soil_0187.jpg,234,162,126,20.37,117.63,233.63,8.09
soil_0188.jpg,238,145,103,18.6,144.25,238.1,6.78
soil_0189.jpg,218,143,92,24.38,147.33,217.67,6.65
soil_0190.jpg,181,136,92,29.18,125.6,181.45,5.21
soil_0191.jpg,186,121,66,27.41,164.16,185.57,4.47
soil_0192.jpg,240,143,127,8.55,119.85,239.78,8.49
soil_0193.jpg,255,176,117,25.55,138.2,255.0,8.5
soil_0194.jpg,220,154,128,16.57,105.96,219.61,7.17
soil_0195.jpg,199,132,103,18.08,123.14,198.89,5.7
soil_0196.jpg,185,129,97,21.86,121.5,185.23,5.75
soil_0197.jpg,229,168,128,23.95,112.47,228.74,7.63
soil_0198.jpg,222,178,121,33.86,116.39,222.36,8.49
soil_0199.jpg,230,162,131,18.61,109.3,229.98,8.44
soil_0200.jpg,245,165,122,20.98,127.58,245.05,7.9
soil_0201.jpg,235,144,115,14.33,129.98,234.61,7.21
soil_0202.jpg,188,102,91,6.97,131.4,187.76,4.42
soil_0203.jpg,180,114,91,15.64,125.75,179.89,4.81
soil_0204.jpg,246,177,130,24.5,120.37,246.12,8.49
soil_0205.jpg,224,158,98,28.92,143.85,223.93,7.03
soil_0206.jpg,166,114,69,28.0,149.29,166.19,4.05
soil_0207.jpg,200,122,81,20.93,151.84,199.94,4.51
soil_0208.jpg,237,158,115,21.36,131.47,237.23,7.32
soil_0209.jpg,175,104,67,20.19,157.07,175.26,4.03
soil_0210.jpg,190,124,104,13.52,114.51,189.67,4.8
soil_0211.jpg,222,153,120,19.75,117.3,221.55,6.74
soil_0212.jpg,210,162,121,28.05,108.7,210.21,7.46
soil_0213.jpg,225,164,114,26.84,125.76,225.06,7.26
soil_0214.jpg,188,130,87,25.89,136.46,187.54,5.12
soil_0215.jpg,222,160,109,27.06,129.52,222.16,7.56
soil_0216.jpg,193,135,90,26.03,135.46,192.63,5.19
soil_0217.jpg,220,131,97,16.51,142.92,220.24,5.63
soil_0218.jpg,241,151,109,19.26,139.82,241.22,7.73
soil_0219.jpg,222,151,116,20.09,121.5,221.66,7.25
soil_0220.jpg,249,160,124,17.3,128.18,248.6,8.25
soil_0221.jpg,242,147,99,20.4,151.13,241.99,7.29
soil_0222.jpg,230,146,102,20.67,142.29,230.27,6.84
soil_0223.jpg,185,108,78,16.92,147.28,184.88,4.47
soil_0224.jpg,199,131,112,13.0,111.18,199.05,5.84
soil_0225.jpg,205,110,96,7.81,135.67,204.6,5.33
soil_0226.jpg,200,127,79,23.92,153.76,199.84,5.22
soil_0227.jpg,255,175,136,19.58,119.11,255.0,8.87
soil_0228.jpg,214,128,86,19.73,152.14,213.89,5.97
soil_0229.jpg,255,175,136,19.75,119.05,255.0,8.46
soil_0230.jpg,221,160,109,27.59,129.51,220.63,7.16
soil_0231.jpg,252,148,121,12.49,132.51,251.71,7.97
soil_0232.jpg,218,136,115,12.04,119.86,217.88,6.51
soil_0233.jpg,242,141,99,17.61,151.04,242.39,6.88
soil_0234.jpg,208,134,93,21.18,140.98,208.24,6.46
soil_0235.jpg,210,130,83,22.26,154.48,209.55,4.98
soil_0236.jpg,235,156,126,16.59,118.43,234.93,7.61
soil_0237.jpg,192,126,80,24.36,148.93,192.19,5.4
soil_0238.jpg,174,93,55,19.04,174.81,174.02,4.12
soil_0239.jpg,224,158,110,25.6,130.23,223.86,7.23
soil_0240.jpg,195,110,91,11.04,136.48,195.04,4.89
soil_0241.jpg,255,173,140,17.34,115.35,255.0,8.7
soil_0242.jpg,245,176,127,24.77,122.77,245.2,8.77
soil_0243.jpg,248,183,125,28.29,125.99,247.59,8.57
soil_0244.jpg,227,122,107,7.81,135.41,227.1,5.85
soil_0245.jpg,196,83,62,9.41,174.19,195.52,4.08
soil_0246.jpg,253,173,126,22.22,127.89,253.28,8.64
soil_0247.jpg,211,154,102,28.76,131.3,210.55,6.14
soil_0248.jpg,253,185,135,25.55,118.83,253.07,8.83
soil_0249.jpg,255,176,127,22.85,127.65,255.0,8.82
soil_0250.jpg,233,162,125,20.55,117.76,232.96,8.27
soil_0251.jpg,197,136,73,30.49,160.61,197.21,5.47
soil_0252.jpg,190,126,93,20.57,130.43,190.23,5.93
soil_0253.jpg,247,171,129,21.37,122.23,247.02,8.26
soil_0254.jpg,208,135,86,23.95,149.17,207.96,5.58
soil_0255.jpg,185,130,86,26.5,136.34,185.34,4.85
soil_0256.jpg,236,171,112,28.88,134.39,235.83,6.78
soil_0257.jpg,237,176,127,26.48,118.43,237.28,8.68
soil_0258.jpg,216,151,117,20.63,116.61,216.3,7.48
soil_0259.jpg,223,147,101,22.64,139.64,223.42,6.85
soil_0260.jpg,195,100,80,10.28,150.44,195.07,4.49
soil_0261.jpg,242,144,116,13.42,132.24,241.58,7.08
soil_0262.jpg,249,172,134,19.81,117.66,249.14,8.95
soil_0263.jpg,199,114,79,17.29,153.12,198.64,4.7
soil_0264.jpg,217,145,108,20.75,128.44,216.76,6.59
soil_0265.jpg,243,161,132,15.48,116.45,243.32,8.39
soil_0266.jpg,243,169,102,28.46,147.89,243.19,7.7
soil_0267.jpg,238,156,125,16.42,120.42,237.62,7.49
soil_0268.jpg,216,156,114,25.08,120.58,215.64,7.51
soil_0269.jpg,220,130,100,15.18,138.79,219.67,5.8
soil_0270.jpg,214,130,102,14.99,132.65,213.59,5.47
soil_0271.jpg,234,171,112,29.28,133.13,233.52,8.05
soil_0272.jpg,244,156,117,18.44,132.7,243.73,8.05
soil_0273.jpg,249,162,124,18.18,128.53,249.21,8.34
soil_0274.jpg,250,168,122,21.38,130.49,250.44,8.57
soil_0275.jpg,211,131,119,7.92,110.92,211.18,6.56
soil_0276.jpg,209,136,98,20.24,135.53,209.19,6.51
soil_0277.jpg,239,159,117,20.37,129.48,238.59,7.99
soil_0278.jpg,239,161,115,22.11,132.34,239.1,7.25
soil_0279.jpg,237,159,107,23.98,140.07,236.84,7.51
soil_0280.jpg,235,164,119,23.65,126.29,234.98,7.98
soil_0281.jpg,254,177,130,22.76,124.62,253.69,8.45
soil_0282.jpg,175,131,93,27.68,119.59,174.71,5.69
soil_0283.jpg,218,138,97,20.38,141.49,217.63,5.88
soil_0284.jpg,167,114,77,24.91,137.09,166.89,4.47
soil_0285.jpg,218,150,97,26.41,141.49,218.17,6.89
soil_0286.jpg,169,106,81,17.43,133.03,168.59,4.18
soil_0287.jpg,200,119,117,1.2,106.16,200.17,6.33
soil_0288.jpg,231,144,107,18.04,136.34,230.61,6.71
soil_0289.jpg,194,141,94,28.05,131.43,194.49,5.43
soil_0290.jpg,226,157,115,22.59,124.83,226.19,6.95
soil_0291.jpg,179,120,68,28.11,158.66,178.86,4.15
soil_0292.jpg,185,123,92,19.95,128.26,184.72,4.19
soil_0293.jpg,241,165,125,20.79,123.12,241.47,8.11
soil_0294.jpg,192,135,110,18.46,109.29,192.07,5.8
soil_0295.jpg,197,112,77,17.38,154.63,196.88,4.64
soil_0296.jpg,213,141,121,13.59,110.34,212.52,6.61
soil_0297.jpg,221,167,126,25.39,109.14,221.11,7.85
soil_0298.jpg,189,134,93,25.82,130.04,189.46,5.08
soil_0299.jpg,240,150,114,17.11,134.37,240.21,7.11
soil_0300.jpg,192,111,79,16.85,150.23,192.17,4.43
soil_0301.jpg,178,113,89,16.14,127.75,177.54,4.26
soil_0302.jpg,215,150,108,23.89,127.09,214.74,6.66
soil_0303.jpg,216,132,91,19.86,147.02,215.63,6.7
soil_0304.jpg,247,131,104,11.56,147.98,247.21,7.19
soil_0305.jpg,237,153,116,18.27,129.96,237.08,7.63
soil_0306.jpg,255,164,135,14.6,120.4,255.0,8.88
soil_0307.jpg,227,139,105,16.73,136.96,227.29,6.58
soil_0308.jpg,204,129,104,15.07,124.89,204.34,5.61
soil_0309.jpg,236,159,106,24.24,140.34,236.1,7.98
soil_0310.jpg,196,140,93,27.66,134.41,195.96,5.35
soil_0311.jpg,210,142,87,26.64,149.91,210.23,6.19
soil_0312.jpg,183,117,87,18.98,134.16,182.67,4.39
soil_0313.jpg,186,116,77,21.7,149.96,186.29,4.13
soil_0314.jpg,252,164,135,14.83,118.77,252.07,8.81
soil_0315.jpg,249,175,117,26.2,135.07,249.12,8.18
soil_0316.jpg,230,155,126,16.78,115.1,230.13,7.48
soil_0317.jpg,209,143,108,20.54,123.74,209.41,6.04
soil_0318.jpg,171,111,91,15.35,119.39,170.5,4.87
soil_0319.jpg,198,106,84,11.34,147.04,198.25,4.78
soil_0320.jpg,200,133,95,21.88,133.76,199.84,5.25
soil_0321.jpg,230,150,102,22.35,141.75,229.61,6.75
soil_0322.jpg,203,149,124,19.01,99.65,203.37,7.57
soil_0323.jpg,249,146,127,9.14,124.81,249.03,7.3
soil_0324.jpg,197,138,101,23.2,124.9,197.3,5.4
soil_0325.jpg,255,163,125,17.39,129.98,255.0,8.77
soil_0326.jpg,224,174,121,30.61,116.76,223.8,7.69
soil_0327.jpg,226,138,98,19.03,145.01,226.06,6.77
soil_0328.jpg,214,156,116,24.63,116.98,213.9,7.06
soil_0329.jpg,203,134,104,18.46,124.87,203.31,6.1
soil_0330.jpg,215,131,75,23.93,165.84,215.36,5.24
soil_0331.jpg,203,128,87,21.28,145.32,202.68,5.78
soil_0332.jpg,238,159,117,20.59,129.26,237.92,7.79
soil_0333.jpg,187,110,74,19.17,153.43,186.79,4.07
soil_0334.jpg,191,108,73,17.71,157.52,190.95,4.58
soil_0335.jpg,182,119,82,22.14,140.49,182.07,4.23
soil_0336.jpg,184,107,80,15.53,143.55,183.75,4.2
soil_0337.jpg,255,165,124,18.76,131.33,255.0,8.28
soil_0338.jpg,231,148,110,18.48,133.08,230.98,7.52
soil_0339.jpg,216,118,112,3.62,123.04,215.75,6.37
soil_0340.jpg,195,114,95,11.39,130.99,195.1,4.49
soil_0341.jpg,226,164,100,30.3,141.79,226.19,6.46
soil_0342.jpg,226,148,98,23.43,143.83,225.61,6.37
soil_0343.jpg,197,121,90,17.19,138.51,196.87,4.87
soil_0344.jpg,199,136,98,22.45,129.44,199.2,6.17
soil_0345.jpg,224,136,98,18.18,143.79,224.18,5.99
soil_0346.jpg,213,156,117,23.87,114.71,213.28,7.08
soil_0347.jpg,229,141,97,20.0,146.81,229.32,7.18
soil_0348.jpg,173,122,89,23.58,123.55,173.02,4.23
soil_0349.jpg,205,141,98,23.83,133.19,205.34,5.87
soil_0350.jpg,229,158,109,24.49,133.85,228.8,7.13
soil_0351.jpg,219,147,104,22.28,133.75,219.27,6.52
soil_0352.jpg,248,167,125,20.57,126.33,247.56,8.28
soil_0353.jpg,244,159,100,24.76,150.56,244.13,7.29
soil_0354.jpg,194,125,97,17.34,127.2,194.09,4.81
soil_0355.jpg,180,111,80,18.18,141.15,179.98,4.35
soil_0356.jpg,236,147,116,15.36,129.38,236.4,7.21
soil_0357.jpg,191,112,85,15.06,141.32,190.91,4.13
soil_0358.jpg,210,162,102,33.68,131.8,210.14,6.93
soil_0359.jpg,255,161,134,13.6,121.16,255.0,8.7
soil_0360.jpg,229,135,107,13.66,135.69,228.65,6.88
soil_0361.jpg,204,137,105,19.14,123.71,204.09,5.94
soil_0362.jpg,241,153,96,23.61,153.27,240.67,7.22
soil_0363.jpg,211,141,102,21.89,132.28,210.99,6.29
soil_0364.jpg,221,148,103,23.12,136.42,220.57,6.73
soil_0365.jpg,248,171,134,19.34,117.76,248.27,8.71
soil_0366.jpg,207,148,102,26.55,129.45,207.07,5.93
soil_0367.jpg,241,160,126,17.68,121.82,240.59,8.81
soil_0368.jpg,233,163,122,21.9,120.94,232.81,8.53
soil_0369.jpg,208,121,86,17.21,149.16,208.14,4.98
soil_0370.jpg,174,99,73,15.48,148.21,173.96,4.35
soil_0371.jpg,175,114,88,17.84,125.94,174.84,4.5
soil_0372.jpg,157,125,74,37.03,134.57,156.86,4.09
soil_0373.jpg,178,116,58,28.75,171.65,177.9,4.47
soil_0374.jpg,217,157,112,25.8,122.86,216.78,7.42
soil_0375.jpg,199,103,72,14.48,162.95,199.0,4.36
soil_0376.jpg,212,125,81,20.08,157.17,211.74,5.59
soil_0377.jpg,236,163,115,23.8,130.89,235.53,8.22
soil_0378.jpg,201,108,78,14.38,155.91,201.38,4.12
soil_0379.jpg,250,175,133,21.66,118.84,249.9,8.07
soil_0380.jpg,196,133,95,22.8,131.52,195.61,5.41
soil_0381.jpg,161,107,78,20.93,131.68,161.15,4.59
soil_0382.jpg,254,158,120,17.23,134.79,253.85,7.48
soil_0383.jpg,212,156,108,27.54,124.43,211.77,7.14
soil_0384.jpg,229,179,121,32.1,120.1,228.59,8.39
soil_0385.jpg,244,173,109,28.33,141.12,244.27,7.68
soil_0386.jpg,255,154,108,18.77,146.78,255.0,8.02
soil_0387.jpg,213,121,89,15.36,148.18,212.7,5.41
soil_0388.jpg,196,110,87,12.23,141.41,196.43,4.89
soil_0389.jpg,241,158,118,19.15,129.81,241.07,7.75
soil_0390.jpg,248,168,119,22.6,132.62,248.0,8.03
soil_0391.jpg,255,185,125,27.47,129.64,255.0,8.95
soil_0392.jpg,212,136,105,17.67,129.08,211.74,6.06
soil_0393.jpg,207,131,87,22.19,147.94,206.87,5.86
soil_0394.jpg,237,163,127,19.65,118.26,236.51,7.88
soil_0395.jpg,196,124,88,20.45,141.01,195.81,5.7
soil_0396.jpg,246,191,123,32.79,127.17,246.27,8.65
soil_0397.jpg,227,152,114,20.63,127.14,226.57,8.29
soil_0398.jpg,209,140,97,22.89,137.25,209.19,6.14
soil_0399.jpg,225,178,127,31.07,111.3,225.24,7.75
soil_0400.jpg,224,160,123,21.69,114.68,224.4,7.77
soil_0401.jpg,187,114,90,15.15,132.44,186.86,4.52
soil_0402.jpg,255,167,132,16.9,122.96,255.0,8.51
soil_0403.jpg,225,142,96,21.03,146.09,225.4,6.53
soil_0404.jpg,225,177,121,32.32,118.23,225.31,8.13
soil_0405.jpg,192,111,88,13.03,137.86,191.9,5.6
soil_0406.jpg,255,183,138,23.17,116.84,255.0,8.48
soil_0407.jpg,197,123,89,18.6,140.22,197.4,5.95
soil_0408.jpg,176,107,84,15.39,133.37,175.53,4.05
soil_0409.jpg,253,166,135,15.86,118.54,252.72,8.53
soil_0410.jpg,174,121,96,18.78,114.78,174.45,4.46
soil_0411.jpg,203,116,91,13.48,140.45,202.85,5.6
soil_0412.jpg,237,177,136,24.34,108.5,237.28,8.75
soil_0413.jpg,245,191,149,26.61,99.8,244.61,8.75
soil_0414.jpg,225,135,104,15.63,136.89,224.68,6.87
soil_0415.jpg,210,153,100,29.08,133.53,210.05,7.16
soil_0416.jpg,216,133,87,21.59,152.68,216.12,6.24
soil_0417.jpg,200,133,99,20.24,129.02,199.59,5.47
soil_0418.jpg,208,131,80,24.12,157.15,207.94,5.64
soil_0419.jpg,231,149,112,18.52,131.91,231.32,7.36
soil_0420.jpg,249,164,123,19.69,129.26,248.92,7.76
soil_0421.jpg,240,179,123,28.65,124.09,239.63,7.96
soil_0422.jpg,234,161,125,19.68,118.93,233.93,7.95
soil_0423.jpg,185,122,83,22.65,140.72,185.35,4.46
soil_0424.jpg,221,131,115,9.09,122.56,220.72,6.47
soil_0425.jpg,182,104,72,17.73,154.51,181.98,4.29
soil_0426.jpg,220,150,102,24.53,136.55,220.03,6.75
soil_0427.jpg,204,152,95,31.35,136.09,204.24,6.21
soil_0428.jpg,239,172,134,21.86,112.46,239.19,8.44
soil_0429.jpg,190,130,103,18.31,116.39,190.1,5.75
soil_0430.jpg,204,117,86,15.64,146.82,203.64,4.59
soil_0431.jpg,176,107,94,10.03,119.0,175.57,4.71
soil_0432.jpg,229,166,110,28.04,132.14,229.13,7.81
soil_0433.jpg,218,159,125,21.83,108.74,217.71,7.09
soil_0434.jpg,194,112,94,10.68,131.28,193.85,4.51
soil_0435.jpg,181,110,87,15.17,132.54,180.56,4.42
soil_0436.jpg,244,159,131,14.91,118.46,243.73,7.5
soil_0437.jpg,176,110,67,23.7,158.0,175.85,4.36
soil_0438.jpg,243,164,119,21.61,130.3,243.49,8.11
soil_0439.jpg,223,176,111,34.54,128.61,223.36,7.53
soil_0440.jpg,205,112,86,13.1,147.32,204.81,4.41
soil_0441.jpg,172,111,72,23.6,147.39,171.63,4.42
soil_0442.jpg,255,170,139,15.99,116.25,255.0,8.93
soil_0443.jpg,212,141,108,18.76,124.73,212.32,5.87
soil_0444.jpg,210,132,103,16.55,130.02,209.81,5.85
soil_0445.jpg,238,158,125,17.51,121.16,238.08,8.06
soil_0446.jpg,249,185,123,29.52,129.53,249.17,8.74
soil_0447.jpg,254,188,126,29.27,128.51,253.85,8.93
soil_0448.jpg,234,154,129,14.42,114.02,233.96,7.77
soil_0449.jpg,216,118,104,7.36,132.27,215.78,5.88
soil_0450.jpg,206,124,81,20.73,155.14,205.62,4.42
soil_0451.jpg,232,155,117,19.92,125.81,231.72,7.89
soil_0452.jpg,207,154,92,32.39,141.57,206.55,6.79
soil_0453.jpg,209,120,92,14.38,142.97,208.98,6.12
soil_0454.jpg,255,178,143,18.71,111.61,255.0,8.53
soil_0455.jpg,178,106,72,19.04,151.36,177.64,4.56
soil_0456.jpg,232,149,106,20.51,138.46,231.52,6.46
soil_0457.jpg,195,110,85,13.74,144.01,194.71,4.06
soil_0458.jpg,208,132,93,20.44,141.0,207.73,6.34
soil_0459.jpg,187,109,81,16.04,144.98,187.03,4.28
soil_0460.jpg,202,123,90,17.58,141.26,202.43,4.59
soil_0461.jpg,182,118,83,21.13,139.1,182.35,4.59
soil_0462.jpg,225,158,136,14.7,100.73,225.34,7.25
soil_0463.jpg,229,177,106,34.8,137.47,229.0,7.73
soil_0464.jpg,212,134,118,10.39,113.08,212.11,6.92
soil_0465.jpg,245,188,130,30.52,119.8,245.06,8.81
soil_0466.jpg,194,135,104,20.99,118.54,193.75,5.87
soil_0467.jpg,200,120,96,14.05,132.33,199.51,5.43
soil_0468.jpg,237,156,120,18.32,125.6,236.57,8.34
soil_0469.jpg,197,122,91,17.95,137.4,196.7,5.12
soil_0470.jpg,236,182,117,33.01,129.13,236.15,8.82
soil_0471.jpg,181,109,82,16.33,140.31,181.24,4.06
soil_0472.jpg,255,188,134,26.77,120.84,255.0,8.85
soil_0473.jpg,160,99,84,11.92,122.09,160.47,4.22
soil_0474.jpg,250,169,136,17.53,116.46,249.87,8.46
soil_0475.jpg,230,133,109,11.94,133.92,230.2,6.64
soil_0476.jpg,242,179,134,25.11,113.44,241.78,8.96
soil_0477.jpg,199,122,73,23.18,161.41,199.46,4.37
soil_0478.jpg,224,143,102,19.9,138.77,224.13,6.77
soil_0479.jpg,245,151,141,5.64,108.04,245.12,8.85
soil_0480.jpg,217,146,118,17.22,116.82,217.05,6.62
soil_0481.jpg,231,155,110,22.36,133.43,231.41,7.15
soil_0482.jpg,232,160,116,22.49,126.91,231.7,7.48
soil_0483.jpg,218,151,95,27.33,143.81,217.57,6.27
soil_0484.jpg,216,142,121,12.8,111.88,216.46,7.14
soil_0485.jpg,224,155,115,21.81,124.17,223.95,6.92
soil_0486.jpg,233,181,143,24.99,97.91,232.77,8.51
soil_0487.jpg,179,96,72,13.62,153.23,179.45,4.23
soil_0488.jpg,190,131,89,24.88,135.24,189.66,5.4
soil_0489.jpg,243,169,132,19.56,116.14,243.27,8.75
soil_0490.jpg,255,168,132,17.61,122.65,255.0,8.45
soil_0491.jpg,223,143,100,20.73,140.21,223.25,6.28
soil_0492.jpg,231,146,105,19.83,139.53,231.14,7.1
soil_0493.jpg,188,122,99,15.34,120.4,187.62,5.39
soil_0494.jpg,188,122,93,18.42,129.7,188.41,4.94
soil_0495.jpg,225,131,95,16.27,146.98,225.09,6.32
soil_0496.jpg,206,123,107,9.68,122.21,205.85,5.77
soil_0497.jpg,245,155,119,16.88,131.43,245.45,6.92
soil_0498.jpg,187,104,82,12.73,143.77,186.98,4.39
soil_0499.jpg,254,181,133,23.7,122.05,254.41,8.87
soil_0500.jpg,250,180,137,22.58,115.31,250.32,8.93
soil_0501.jpg,232,141,109,15.27,135.15,232.43,7.49
soil_0502.jpg,217,139,107,17.47,129.2,217.02,6.68
soil_0503.jpg,208,141,77,29.23,161.13,208.11,5.55
soil_0504.jpg,250,155,130,12.67,122.4,249.65,8.07
soil_0505.jpg,222,151,103,24.21,136.96,222.15,7.42
soil_0506.jpg,176,124,97,20.34,114.16,176.24,4.81
soil_0507.jpg,229,177,126,30.03,115.15,229.16,8.55
soil_0508.jpg,246,162,122,19.64,128.87,245.78,8.11
soil_0509.jpg,240,168,126,22.18,121.32,239.59,8.75
soil_0510.jpg,212,171,115,34.5,115.97,211.74,7.63
soil_0511.jpg,228,166,123,24.63,118.1,228.47,7.07
soil_0512.jpg,234,146,80,25.64,167.8,234.32,6.09
soil_0513.jpg,249,173,140,18.03,111.92,249.17,8.66
soil_0514.jpg,252,160,128,15.33,125.23,252.5,8.33
soil_0515.jpg,181,105,69,19.03,158.01,181.38,4.23
soil_0516.jpg,178,115,69,25.6,156.32,178.03,4.13
soil_0517.jpg,215,138,111,15.6,123.51,215.33,5.88
soil_0518.jpg,237,176,115,30.17,131.19,236.87,8.05
soil_0519.jpg,255,182,124,26.46,131.42,255.0,8.94
soil_0520.jpg,192,106,94,7.26,130.42,191.84,4.75
soil_0521.jpg,216,159,113,26.49,121.98,216.35,6.97
soil_0522.jpg,216,126,90,16.82,148.52,216.37,5.9
soil_0523.jpg,250,171,134,19.25,119.05,250.43,8.85
soil_0524.jpg,235,168,116,26.27,128.74,234.7,8.21
soil_0525.jpg,247,184,133,26.52,117.87,247.31,8.19
soil_0526.jpg,204,169,111,36.94,115.94,204.29,6.34
soil_0527.jpg,209,142,104,21.85,128.26,209.37,6.07
soil_0528.jpg,198,126,95,18.09,133.19,198.14,5.37
soil_0529.jpg,192,118,93,14.73,131.2,192.2,4.28
soil_0530.jpg,249,175,126,24.2,126.14,248.71,8.32
soil_0531.jpg,240,161,113,22.63,134.53,239.68,8.06
soil_0532.jpg,255,193,137,28.27,117.9,255.0,9.0
soil_0533.jpg,255,178,150,16.19,105.04,255.0,8.98
soil_0534.jpg,226,151,100,24.4,142.17,225.67,6.78
soil_0535.jpg,237,167,117,24.92,128.62,236.62,7.84
soil_0536.jpg,237,177,134,24.89,111.27,237.04,8.72
soil_0537.jpg,232,174,124,27.55,118.35,232.22,8.25
soil_0538.jpg,193,120,82,20.47,146.22,193.17,5.24
soil_0539.jpg,206,134,111,14.85,117.64,205.78,6.25
soil_0540.jpg,185,108,102,4.21,114.51,185.21,4.65
soil_0541.jpg,252,177,132,22.64,120.73,251.5,8.77
soil_0542.jpg,229,157,104,25.45,139.76,229.26,7.03
soil_0543.jpg,194,129,77,26.5,154.14,193.97,5.14
soil_0544.jpg,234,169,117,26.98,127.79,233.95,7.36
soil_0545.jpg,226,151,120,17.28,118.91,225.54,7.09
soil_0546.jpg,185,139,100,27.51,116.62,184.99,5.79
soil_0547.jpg,176,107,83,15.55,135.72,176.44,4.57
soil_0548.jpg,228,151,110,20.87,131.86,227.64,7.36
soil_0549.jpg,205,150,97,29.54,134.26,205.2,6.6
soil_0550.jpg,243,169,127,21.61,121.56,242.83,7.86
soil_0551.jpg,233,141,113,14.19,130.89,232.61,6.6
soil_0552.jpg,255,166,113,22.44,142.38,255.0,8.26
soil_0553.jpg,218,133,120,7.5,113.87,217.65,6.76
soil_0554.jpg,235,144,113,15.08,132.77,235.31,6.8
soil_0555.jpg,246,176,138,21.27,112.62,246.38,8.38
soil_0556.jpg,205,141,88,27.28,144.89,204.94,6.02
soil_0557.jpg,181,123,73,27.53,152.61,181.25,4.67
soil_0558.jpg,176,111,76,21.01,144.37,176.15,4.14
soil_0559.jpg,232,160,123,20.29,119.09,231.71,7.78
soil_0560.jpg,227,145,126,11.25,113.28,226.75,7.1
soil_0561.jpg,233,163,122,21.98,121.43,233.17,7.52
soil_0562.jpg,193,127,86,22.86,141.32,193.46,5.06
soil_0563.jpg,192,123,76,24.25,154.53,191.91,4.68
soil_0564.jpg,190,105,87,10.78,138.71,189.99,4.07
soil_0565.jpg,214,113,88,11.9,149.47,213.62,5.75
soil_0566.jpg,208,159,123,25.26,104.17,207.88,6.95
soil_0567.jpg,182,131,96,24.46,120.01,181.84,5.96
soil_0568.jpg,220,131,114,9.53,123.14,220.29,6.19
soil_0569.jpg,233,176,133,25.72,109.24,233.39,8.52
soil_0570.jpg,202,129,95,19.13,135.02,201.72,5.74
soil_0571.jpg,205,153,101,29.98,128.95,205.13,6.57
soil_0572.jpg,220,167,118,29.07,117.66,219.74,7.92
soil_0573.jpg,213,142,102,21.47,132.71,213.1,5.98
soil_0574.jpg,233,139,112,13.11,131.9,232.8,7.11
soil_0575.jpg,238,178,121,29.32,125.58,238.04,8.31
soil_0576.jpg,225,175,129,29.04,108.27,224.71,8.75
soil_0577.jpg,183,116,85,18.72,136.37,183.01,4.74
soil_0578.jpg,253,173,112,25.88,141.76,252.68,8.63
soil_0579.jpg,200,126,108,11.86,117.59,200.34,6.46
soil_0580.jpg,199,130,83,24.4,148.56,198.83,5.29
soil_0581.jpg,212,131,93,18.9,143.13,212.5,6.3
soil_0582.jpg,255,163,119,19.45,136.15,255.0,8.9
soil_0583.jpg,216,129,90,18.31,148.98,216.33,6.46
soil_0584.jpg,193,141,84,31.55,143.81,192.69,5.64
soil_0585.jpg,238,146,107,17.98,140.64,238.1,7.17
soil_0586.jpg,194,139,105,22.74,116.43,194.01,5.2
soil_0587.jpg,183,109,76,18.68,148.65,182.62,4.38
soil_0588.jpg,178,102,85,11.31,133.26,177.59,4.64
soil_0589.jpg,182,108,87,13.15,134.04,182.49,4.64
soil_0590.jpg,180,130,86,28.42,133.42,179.93,4.76
soil_0591.jpg,186,117,83,19.64,140.76,185.97,4.69
soil_0592.jpg,244,147,103,18.8,146.98,243.72,7.2
soil_0593.jpg,177,123,98,18.65,114.02,177.39,4.91
soil_0594.jpg,188,137,110,20.58,105.06,187.68,5.73
soil_0595.jpg,255,180,114,27.87,140.94,255.0,8.48
soil_0596.jpg,212,154,95,30.35,140.46,211.64,6.37
soil_0597.jpg,222,151,112,21.12,126.2,222.08,7.34
soil_0598.jpg,201,109,78,14.93,155.69,200.73,4.86
soil_0599.jpg,186,118,91,17.2,130.0,185.82,4.96
soil_0600.jpg,198,114,72,19.81,161.83,198.36,4.2
soil_0601.jpg,197,112,103,5.55,121.56,196.8,4.84
soil_0602.jpg,194,119,102,11.49,121.34,193.67,5.39
soil_0603.jpg,212,124,88,17.44,149.41,212.37,4.89
soil_0604.jpg,178,115,89,17.11,126.93,177.76,4.44
soil_0605.jpg,194,117,92,15.09,134.23,193.72,4.6
soil_0606.jpg,216,133,98,17.99,139.19,215.64,6.3
soil_0607.jpg,206,121,81,19.02,154.33,205.98,5.03
soil_0608.jpg,221,125,98,13.48,142.35,220.83,5.82
soil_0609.jpg,216,151,112,22.48,123.16,216.38,6.52
soil_0610.jpg,223,165,117,27.19,121.42,222.94,7.45
soil_0611.jpg,185,95,66,14.82,164.32,184.7,4.2
soil_0612.jpg,232,155,116,20.09,128.09,232.22,8.0
soil_0613.jpg,246,138,112,11.8,139.31,245.8,7.14
soil_0614.jpg,185,109,80,16.39,144.41,184.72,4.41
soil_0615.jpg,241,167,142,15.27,104.76,241.08,8.37
soil_0616.jpg,250,158,118,18.25,134.9,250.15,8.6
soil_0617.jpg,168,105,84,15.07,128.34,168.33,4.31
soil_0618.jpg,189,119,104,10.47,114.73,188.67,5.38
soil_0619.jpg,251,165,141,13.39,112.51,251.47,8.03
soil_0620.jpg,228,160,116,23.62,125.74,228.4,7.74
soil_0621.jpg,181,115,91,16.22,127.34,180.79,4.92
soil_0622.jpg,199,125,93,18.19,136.09,198.64,5.05
soil_0623.jpg,218,129,99,15.27,139.14,217.53,5.85
soil_0624.jpg,222,139,103,18.3,136.48,221.7,6.42
soil_0625.jpg,235,166,115,25.41,130.11,234.86,7.09
soil_0626.jpg,198,146,77,34.2,155.94,197.95,5.84
soil_0627.jpg,199,128,108,13.56,116.29,198.59,6.31
soil_0628.jpg,250,167,120,21.67,132.57,249.98,7.74
soil_0629.jpg,177,119,76,25.4,144.82,176.56,4.18
soil_0630.jpg,194,116,107,6.07,114.55,194.02,5.26
soil_0631.jpg,246,165,112,23.7,139.08,245.62,7.57
soil_0632.jpg,252,183,124,27.73,129.23,252.0,8.48
soil_0633.jpg,221,133,121,7.26,115.11,221.24,6.56
soil_0634.jpg,240,137,100,15.74,148.77,239.88,6.66
soil_0635.jpg,179,125,78,28.27,144.11,178.93,4.54
soil_0636.jpg,221,142,101,20.48,138.94,221.0,6.24
soil_0637.jpg,219,150,113,20.79,122.94,218.8,6.66
soil_0638.jpg,198,128,92,20.67,137.32,198.44,5.21
soil_0639.jpg,213,131,81,22.52,157.9,213.21,5.35
soil_0640.jpg,211,123,93,14.81,142.23,211.37,5.89
soil_0641.jpg,184,120,72,25.52,154.78,183.93,4.1
soil_0642.jpg,213,141,94,23.92,142.42,212.68,5.61
soil_0643.jpg,190,121,92,18.12,131.93,189.78,5.06
soil_0644.jpg,194,131,98,20.38,125.93,194.03,5.64
soil_0645.jpg,176,103,69,19.39,155.39,175.85,4.6
soil_0646.jpg,226,174,136,25.17,102.11,226.31,8.45
soil_0647.jpg,244,154,112,19.21,137.57,243.6,6.97
soil_0648.jpg,219,154,126,18.27,107.86,218.67,7.4
soil_0649.jpg,236,172,125,25.65,119.97,236.01,7.95
soil_0650.jpg,213,140,113,15.8,119.07,212.83,6.49
soil_0651.jpg,187,120,85,20.7,139.37,186.74,4.43
soil_0652.jpg,227,136,118,10.13,122.69,226.85,6.69
soil_0653.jpg,231,148,114,17.65,129.31,231.02,6.93
soil_0654.jpg,229,158,118,21.47,123.47,228.98,7.73
soil_0655.jpg,209,140,119,14.15,109.65,208.81,6.16
soil_0656.jpg,190,114,90,14.41,133.41,189.75,4.64
soil_0657.jpg,197,127,97,18.11,129.24,196.52,5.42
soil_0658.jpg,221,141,87,24.2,155.07,221.28,5.82
soil_0659.jpg,232,149,103,21.3,141.95,231.97,7.23
soil_0660.jpg,229,133,111,11.19,131.01,228.52,6.85
soil_0661.jpg,211,149,98,27.02,137.13,211.22,5.78
soil_0662.jpg,255,188,128,28.4,127.22,255.0,8.93
soil_0663.jpg,226,138,112,13.87,128.53,225.78,7.03
soil_0664.jpg,182,131,102,21.64,111.91,182.48,5.19
soil_0665.jpg,189,111,87,14.15,136.98,188.9,4.51
soil_0666.jpg,182,122,76,25.89,149.22,182.27,4.76
soil_0667.jpg,191,128,89,23.05,135.7,190.78,5.23
soil_0668.jpg,195,118,79,20.05,152.14,195.26,4.8
soil_0669.jpg,204,115,84,15.43,150.4,203.8,4.93
soil_0670.jpg,199,122,89,17.94,141.0,199.38,5.43
soil_0671.jpg,194,112,82,16.33,146.74,193.57,4.87
soil_0672.jpg,255,162,117,19.42,137.52,255.0,8.48
soil_0673.jpg,186,114,80,19.36,145.67,185.61,4.4
soil_0674.jpg,244,138,102,15.33,148.61,243.63,6.62
soil_0675.jpg,214,143,76,28.93,164.46,214.43,6.05
soil_0676.jpg,235,189,149,27.56,93.78,235.5,8.91
soil_0677.jpg,193,111,91,11.87,134.7,193.21,4.56
soil_0678.jpg,212,138,96,21.84,139.49,211.66,5.99
soil_0679.jpg,255,179,132,22.94,123.07,255.0,8.85
soil_0680.jpg,251,172,116,24.67,136.65,250.85,8.33
soil_0681.jpg,239,165,137,16.58,109.26,239.01,8.09
soil_0682.jpg,185,133,106,20.64,108.68,184.75,5.29
soil_0683.jpg,188,125,87,22.44,137.01,188.08,4.85
soil_0684.jpg,220,143,123,12.5,113.07,220.26,7.34
soil_0685.jpg,243,180,131,26.01,117.81,243.27,8.65
soil_0686.jpg,226,155,97,26.69,145.23,225.98,6.78
soil_0687.jpg,238,141,106,15.92,141.88,238.03,6.86
soil_0688.jpg,203,128,93,19.23,137.78,202.65,5.4
soil_0689.jpg,225,167,117,28.03,122.64,224.72,7.85
soil_0690.jpg,196,120,85,18.79,144.34,196.02,4.94
soil_0691.jpg,214,141,94,23.28,143.15,214.08,5.62
soil_0692.jpg,204,159,100,34.12,130.14,203.92,6.13
soil_0693.jpg,215,136,106,16.78,129.74,215.03,6.54
soil_0694.jpg,196,113,81,16.5,149.0,195.9,5.21
soil_0695.jpg,178,119,77,25.27,144.94,177.99,4.57
soil_0696.jpg,231,157,101,25.79,143.61,230.76,7.05
soil_0697.jpg,198,126,100,15.95,125.79,198.11,5.44
soil_0698.jpg,226,161,93,30.85,150.63,226.3,6.91
soil_0699.jpg,180,107,94,9.26,121.76,180.06,4.77
soil_0700.jpg,210,148,115,20.78,115.58,209.98,6.41
soil_0701.jpg,225,139,104,17.46,137.18,225.45,6.66
soil_0702.jpg,177,128,58,35.16,171.35,177.3,4.26
soil_0703.jpg,220,150,92,26.83,148.02,220.31,5.68
soil_0704.jpg,183,111,83,16.74,139.32,183.39,4.67
soil_0705.jpg,184,108,72,19.6,155.89,184.21,4.32
soil_0706.jpg,255,184,129,26.03,126.2,255.0,8.95
soil_0707.jpg,188,127,107,15.18,110.02,187.77,5.61
soil_0708.jpg,222,163,128,22.51,108.2,222.17,8.05
soil_0709.jpg,181,126,83,26.37,138.05,181.43,5.27
soil_0710.jpg,242,138,102,15.13,147.28,242.48,7.41
soil_0711.jpg,230,160,117,22.82,125.4,230.38,7.8
soil_0712.jpg,249,143,109,14.75,143.72,248.77,6.98
soil_0713.jpg,208,136,107,17.44,123.65,207.94,6.36
soil_0714.jpg,211,150,95,28.29,139.57,210.78,6.06
soil_0715.jpg,219,121,100,10.6,138.65,219.39,5.74
soil_0716.jpg,255,179,145,18.61,110.04,255.0,8.65
soil_0717.jpg,255,163,130,15.52,124.75,255.0,8.15
soil_0718.jpg,255,172,131,19.64,123.84,255.0,8.83
soil_0719.jpg,197,124,82,22.3,149.21,196.85,4.62
soil_0720.jpg,240,161,115,22.29,132.43,239.5,7.65
soil_0721.jpg,255,177,139,19.76,115.62,255.0,8.69
soil_0722.jpg,186,130,81,27.97,143.09,185.59,4.91
soil_0723.jpg,174,110,80,19.4,137.48,173.93,4.33
soil_0724.jpg,234,154,119,17.94,125.5,234.47,7.71
soil_0725.jpg,220,138,105,17.24,133.19,219.78,6.87
soil_0726.jpg,238,158,113,21.71,133.32,237.72,8.21
soil_0727.jpg,195,145,87,32.37,141.6,194.81,4.7
soil_0728.jpg,248,174,121,24.88,130.42,248.24,7.98
soil_0729.jpg,194,110,92,11.1,134.29,193.54,5.01
soil_0730.jpg,204,108,81,13.14,153.79,204.49,4.82
soil_0731.jpg,178,124,95,21.09,118.85,178.29,4.82
soil_0732.jpg,238,169,116,26.03,131.02,238.15,8.07
soil_0733.jpg,221,159,128,19.84,107.62,221.45,7.33
soil_0734.jpg,199,142,92,28.05,136.89,198.94,6.62
soil_0735.jpg,204,132,100,18.47,129.87,203.92,5.79
soil_0736.jpg,244,171,130,21.63,118.74,243.83,8.39
soil_0737.jpg,223,136,92,20.28,149.37,222.51,5.96
soil_0738.jpg,247,144,126,8.88,124.35,246.55,8.08
soil_0739.jpg,201,137,112,16.86,113.4,200.86,6.2
soil_0740.jpg,225,127,80,19.41,164.33,224.68,5.88
soil_0741.jpg,225,142,107,17.82,134.21,225.02,6.31
soil_0742.jpg,206,156,73,37.42,164.22,206.23,5.51
soil_0743.jpg,233,163,111,25.46,133.05,232.71,7.74
soil_0744.jpg,206,140,118,15.04,109.28,206.31,6.51
soil_0745.jpg,191,133,85,27.18,142.09,191.26,5.16
soil_0746.jpg,255,174,118,24.47,136.64,255.0,8.5
soil_0747.jpg,226,139,96,19.61,145.93,225.61,5.92
soil_0748.jpg,235,151,124,14.82,120.41,234.59,6.72
soil_0749.jpg,242,189,113,35.02,135.63,242.33,8.53
soil_0750.jpg,214,141,103,20.31,131.8,214.16,7.12
soil_0751.jpg,187,121,95,17.11,126.21,187.4,4.58
soil_0752.jpg,232,164,145,13.2,95.84,232.17,8.7
soil_0753.jpg,229,156,111,23.01,131.03,228.9,7.14
soil_0754.jpg,201,123,85,19.63,147.01,201.41,5.67
soil_0755.jpg,183,115,101,10.11,114.66,183.19,4.7
soil_0756.jpg,223,160,134,17.37,101.02,222.59,7.97
soil_0757.jpg,230,160,117,22.57,125.3,230.19,7.1
soil_0758.jpg,213,153,100,28.23,135.07,213.06,6.67
soil_0759.jpg,235,158,127,17.36,116.93,234.59,8.47
soil_0760.jpg,209,163,120,28.65,108.8,209.35,7.94
soil_0761.jpg,189,113,87,15.12,136.79,188.5,4.76
soil_0762.jpg,219,119,106,6.98,132.05,218.9,5.56
soil_0763.jpg,213,124,97,13.76,138.43,212.83,5.24
soil_0764.jpg,230,156,110,23.16,132.91,230.09,7.72
soil_0765.jpg,174,133,89,31.31,124.33,173.61,4.17
soil_0766.jpg,226,151,111,20.99,129.36,225.86,6.85
soil_0767.jpg,226,148,125,13.53,113.65,226.07,7.81
soil_0768.jpg,248,163,138,13.63,112.95,247.91,8.38
soil_0769.jpg,211,141,87,26.29,150.22,211.17,5.71
soil_0770.jpg,253,183,123,27.83,131.04,252.97,8.11
soil_0771.jpg,185,102,78,13.57,147.11,184.52,4.55
soil_0772.jpg,241,149,112,17.33,136.15,240.53,8.23
soil_0773.jpg,178,134,86,31.53,131.7,178.14,4.64
soil_0774.jpg,200,139,119,15.18,102.98,199.58,5.99
soil_0775.jpg,237,155,107,22.2,139.49,236.58,7.99
soil_0776.jpg,192,124,84,22.0,143.12,192.3,4.75
soil_0777.jpg,204,101,94,3.53,137.04,203.96,5.15
soil_0778.jpg,225,158,118,22.14,120.65,224.92,7.61
soil_0779.jpg,248,161,116,20.14,135.08,247.73,7.6
soil_0780.jpg,224,161,103,28.7,138.31,224.04,7.21
soil_0781.jpg,231,147,118,15.4,124.76,230.57,7.47
soil_0782.jpg,212,146,101,24.58,133.11,211.53,6.71
soil_0783.jpg,172,118,73,27.01,147.0,172.29,5.26
soil_0784.jpg,213,135,105,16.34,128.55,212.66,5.73
soil_0785.jpg,198,113,94,10.98,134.06,198.47,4.91
soil_0786.jpg,245,167,129,19.66,120.88,244.56,8.54
soil_0787.jpg,223,139,111,15.09,127.56,222.93,6.92
soil_0788.jpg,213,142,108,19.48,126.29,213.16,6.0
soil_0789.jpg,197,148,104,28.15,120.04,197.18,6.31
soil_0790.jpg,245,171,138,18.51,111.74,245.18,8.74
soil_0791.jpg,197,120,82,19.54,148.18,196.88,4.77
soil_0792.jpg,210,136,120,10.25,108.97,209.87,6.93
soil_0793.jpg,219,140,108,17.65,129.73,219.15,6.53
soil_0794.jpg,211,150,113,22.7,118.66,210.86,7.06
soil_0795.jpg,183,134,67,34.56,161.84,183.06,4.09
soil_0796.jpg,244,158,128,15.24,120.9,244.22,8.36
soil_0797.jpg,233,185,123,33.86,120.5,233.08,8.66
soil_0798.jpg,233,156,103,24.52,141.56,232.51,6.83
soil_0799.jpg,224,159,109,25.77,130.12,223.59,7.48
soil_0800.jpg,240,187,120,33.33,127.17,240.35,8.61
soil_0801.jpg,234,160,134,15.83,109.21,233.88,7.54
soil_0802.jpg,200,123,95,15.66,133.54,200.27,4.76
soil_0803.jpg,211,147,124,15.81,104.9,211.48,6.88
soil_0804.jpg,225,161,101,29.07,140.25,224.58,7.03
soil_0805.jpg,214,147,101,24.67,134.79,214.15,6.12
soil_0806.jpg,241,153,108,20.34,140.74,240.97,7.68
soil_0807.jpg,251,160,124,17.02,128.96,251.15,8.67
soil_0808.jpg,245,170,122,23.27,128.17,245.09,8.63
soil_0809.jpg,204,132,112,13.32,114.99,203.6,6.25
soil_0810.jpg,187,116,79,20.54,146.57,186.7,4.57
soil_0811.jpg,243,187,141,26.88,106.62,242.54,8.92
soil_0812.jpg,213,161,129,23.24,100.35,212.73,8.19
soil_0813.jpg,191,117,102,10.35,119.39,190.98,4.62
soil_0814.jpg,255,172,117,23.73,137.94,255.0,8.6
soil_0815.jpg,221,175,136,27.81,97.82,220.8,8.35
soil_0816.jpg,207,124,115,5.72,113.42,207.05,6.59
soil_0817.jpg,229,143,102,19.51,141.17,229.07,6.96
soil_0818.jpg,229,138,107,15.23,135.57,228.57,6.0
soil_0819.jpg,181,123,82,25.09,140.01,181.39,4.27
soil_0820.jpg,196,127,94,19.8,133.21,195.76,5.68
soil_0821.jpg,237,146,116,15.13,130.87,237.33,8.01
soil_0822.jpg,191,115,70,22.08,160.94,191.06,4.02
soil_0823.jpg,196,126,112,10.06,110.12,196.43,5.67
soil_0824.jpg,200,125,99,15.61,128.82,199.85,5.99
soil_0825.jpg,214,140,113,15.8,120.04,213.87,6.69
soil_0826.jpg,239,169,123,24.2,124.09,238.77,8.6
soil_0827.jpg,205,127,90,19.37,143.5,205.04,5.73
soil_0828.jpg,220,113,105,4.13,133.85,220.06,5.73
soil_0829.jpg,237,167,108,27.39,139.39,237.43,7.69
soil_0830.jpg,210,151,99,28.32,134.91,209.51,6.26
soil_0831.jpg,191,130,89,23.95,136.25,191.44,5.12
soil_0832.jpg,196,129,103,16.93,121.42,196.4,6.26
soil_0833.jpg,197,117,83,17.89,147.89,196.68,4.7
soil_0834.jpg,190,121,89,18.81,135.08,189.86,4.88
soil_0835.jpg,214,148,110,21.9,123.58,213.79,6.49
soil_0836.jpg,241,143,106,16.54,143.09,241.33,6.09
soil_0837.jpg,251,164,121,20.02,132.32,250.82,8.57
soil_0838.jpg,198,134,95,23.09,132.96,197.54,5.81
soil_0839.jpg,218,152,119,20.26,115.71,217.69,6.9
soil_0840.jpg,237,165,119,23.02,126.68,237.46,7.16
soil_0841.jpg,179,116,66,26.7,161.34,179.22,4.07
soil_0842.jpg,214,161,117,27.15,115.64,214.08,7.32
soil_0843.jpg,200,122,70,23.78,165.22,199.99,4.89
soil_0844.jpg,245,187,132,29.12,117.86,244.87,8.81
soil_0845.jpg,207,123,100,12.83,132.31,207.2,4.74
soil_0846.jpg,220,129,92,17.38,148.05,219.89,6.07
soil_0847.jpg,179,127,74,30.4,149.31,179.19,4.43
soil_0848.jpg,255,183,139,22.38,115.62,255.0,8.98
soil_0849.jpg,217,139,93,22.43,146.07,216.58,6.51
soil_0850.jpg,232,145,105,18.83,139.22,231.72,6.98
soil_0851.jpg,187,116,85,18.5,139.6,187.12,4.34
soil_0852.jpg,227,164,114,26.5,126.69,226.66,7.75
soil_0853.jpg,187,125,86,23.11,137.37,186.84,5.05
soil_0854.jpg,255,172,134,19.19,121.41,255.0,8.49
soil_0855.jpg,190,138,91,28.65,132.33,189.62,5.03
soil_0856.jpg,188,131,89,25.8,134.0,187.69,4.95
soil_0857.jpg,170,113,75,23.9,142.12,170.24,4.18
soil_0858.jpg,218,149,106,23.22,130.79,217.82,6.36
soil_0859.jpg,241,138,107,13.59,141.48,241.34,6.82
soil_0860.jpg,171,117,83,22.9,130.87,171.44,4.33
soil_0861.jpg,237,178,117,30.32,129.7,237.38,7.88
soil_0862.jpg,226,138,101,17.68,141.6,226.31,6.27
soil_0863.jpg,217,137,98,19.49,139.49,216.81,6.62
soil_0864.jpg,216,133,101,16.65,135.53,215.62,6.2
soil_0865.jpg,197,126,93,19.27,135.48,197.38,6.0
soil_0866.jpg,225,140,99,19.35,142.32,224.68,6.8
soil_0867.jpg,187,116,87,17.46,136.45,187.22,4.78
soil_0868.jpg,201,109,88,10.89,143.13,200.96,4.91
soil_0869.jpg,255,167,132,17.29,123.17,255.0,8.31
soil_0870.jpg,255,181,127,25.32,128.05,255.0,8.73
soil_0871.jpg,212,126,101,13.68,133.67,211.78,5.87
soil_0872.jpg,201,141,96,25.63,133.41,201.18,5.35
soil_0873.jpg,229,157,117,21.63,125.09,228.85,7.22
soil_0874.jpg,205,146,93,28.31,139.55,205.09,6.04
soil_0875.jpg,182,105,79,15.13,144.99,182.4,4.13
soil_0876.jpg,186,127,88,24.02,134.6,186.14,4.78
soil_0877.jpg,234,148,117,15.53,127.35,234.17,7.58
soil_0878.jpg,241,161,97,26.78,152.29,241.17,7.29
soil_0879.jpg,169,112,79,22.31,136.03,169.1,4.14
soil_0880.jpg,206,129,106,13.62,122.96,205.6,5.11
soil_0881.jpg,208,114,86,13.62,149.08,208.15,5.16
soil_0882.jpg,228,146,109,18.89,133.24,227.9,7.36
soil_0883.jpg,157,116,80,27.66,125.12,157.33,4.1
soil_0884.jpg,179,107,84,14.61,134.64,178.98,4.52
soil_0885.jpg,252,167,132,17.75,121.88,251.97,8.0
soil_0886.jpg,191,109,76,17.07,153.07,190.57,4.89
soil_0887.jpg,218,161,119,25.24,115.11,217.54,7.26
soil_0888.jpg,190,114,94,12.23,128.56,190.4,5.19
soil_0889.jpg,193,121,81,21.38,148.58,193.16,4.5
soil_0890.jpg,201,131,93,21.19,137.57,201.38,5.22
soil_0891.jpg,231,151,126,14.72,115.92,230.57,7.61
soil_0892.jpg,240,172,132,22.23,114.35,239.67,8.28
soil_0893.jpg,237,167,115,25.79,131.93,237.41,8.15
soil_0894.jpg,199,131,105,16.47,119.62,198.62,5.99
soil_0895.jpg,245,145,114,14.25,136.42,244.92,7.34
soil_0896.jpg,190,105,88,9.95,136.22,189.59,5.02
soil_0897.jpg,212,132,93,19.5,142.52,211.96,5.47
soil_0898.jpg,255,155,126,13.56,128.68,255.0,8.48
soil_0899.jpg,188,111,86,14.43,137.93,188.07,4.07
soil_0900.jpg,179,112,80,19.48,140.86,179.35,4.43
soil_0901.jpg,197,129,79,25.47,152.82,197.16,5.04
soil_0902.jpg,179,108,74,19.36,148.95,178.77,4.13
soil_0903.jpg,182,118,88,19.38,131.9,182.07,4.91
soil_0904.jpg,226,155,119,20.13,119.97,225.5,6.92
soil_0905.jpg,198,141,105,22.89,119.6,197.91,6.11
soil_0906.jpg,255,172,120,23.0,134.51,255.0,8.46
soil_0907.jpg,236,168,143,16.5,100.41,235.75,8.09
soil_0908.jpg,206,118,98,11.41,133.67,205.52,5.71
soil_0909.jpg,200,133,101,19.55,126.02,199.98,5.3
soil_0910.jpg,204,140,97,24.36,134.12,203.86,5.9
soil_0911.jpg,229,140,114,13.37,127.62,228.59,6.95
soil_0912.jpg,193,125,98,16.92,125.37,193.02,5.34
soil_0913.jpg,234,151,122,15.55,122.5,234.07,7.12
soil_0914.jpg,195,135,108,18.86,113.95,195.32,6.05
soil_0915.jpg,221,149,115,19.5,122.66,221.04,6.76
soil_0916.jpg,230,151,99,24.05,145.82,230.18,6.18
soil_0917.jpg,190,139,88,29.72,136.31,189.78,5.47
soil_0918.jpg,244,161,133,15.21,115.65,243.69,8.74
soil_0919.jpg,241,166,127,20.42,120.4,241.35,7.82
soil_0920.jpg,190,130,82,26.9,144.38,189.65,4.7
soil_0921.jpg,248,171,134,19.4,116.65,247.78,8.34
soil_0922.jpg,220,152,116,20.81,120.74,219.71,6.44
soil_0923.jpg,253,187,120,30.5,133.8,252.63,8.47
soil_0924.jpg,250,172,115,25.33,137.43,250.1,8.0
soil_0925.jpg,214,140,99,21.24,136.65,214.11,6.13
soil_0926.jpg,176,120,80,24.96,139.68,176.29,4.11
soil_0927.jpg,204,128,87,21.07,146.25,204.5,5.34
soil_0928.jpg,238,146,118,13.91,128.59,238.0,6.71
soil_0929.jpg,225,149,116,18.05,123.59,224.81,7.17
soil_0930.jpg,187,140,91,30.8,130.87,187.25,5.29
soil_0931.jpg,199,111,73,18.29,161.98,198.92,4.7
soil_0932.jpg,240,179,113,31.02,134.7,240.43,8.17
soil_0933.jpg,232,180,135,27.98,106.51,231.53,8.92
soil_0934.jpg,226,132,89,18.71,154.48,226.24,6.63
soil_0935.jpg,185,124,94,19.74,125.43,184.98,4.86
soil_0936.jpg,197,108,90,10.16,138.12,197.17,5.36
soil_0937.jpg,182,116,103,9.8,110.49,181.71,4.09
soil_0938.jpg,250,179,147,18.48,104.89,249.74,8.57
soil_0939.jpg,193,112,81,16.25,147.67,193.24,4.59
soil_0940.jpg,217,149,108,22.41,127.94,217.29,6.88
soil_0941.jpg,203,145,100,26.26,129.96,203.37,5.37
soil_0942.jpg,217,142,121,12.75,112.47,217.34,6.77
soil_0943.jpg,235,143,100,19.22,146.03,234.92,7.26
soil_0944.jpg,247,178,109,29.96,142.24,247.48,8.15
soil_0945.jpg,184,141,83,34.36,139.91,183.61,5.03
soil_0946.jpg,189,110,81,15.91,145.18,188.63,4.05
soil_0947.jpg,182,127,88,25.1,132.11,182.18,4.68
soil_0948.jpg,255,182,136,23.04,118.6,254.83,8.5
soil_0949.jpg,248,161,117,20.34,135.25,248.41,8.37
soil_0950.jpg,242,145,92,21.27,158.1,241.73,6.99
soil_0951.jpg,221,161,117,24.95,119.74,221.27,7.0
soil_0952.jpg,225,169,108,31.39,133.04,225.12,7.33
soil_0953.jpg,190,126,70,27.88,161.31,190.45,4.88
soil_0954.jpg,245,163,130,17.24,119.88,244.8,8.57
soil_0955.jpg,217,155,106,26.33,130.22,217.39,6.09
soil_0956.jpg,191,130,97,21.2,125.08,190.6,5.92
soil_0957.jpg,207,141,102,22.3,128.96,206.61,6.59
soil_0958.jpg,170,115,77,24.52,138.87,169.89,4.23
soil_0959.jpg,199,134,83,26.52,149.38,199.37,4.83
soil_0960.jpg,251,167,108,24.58,145.76,251.3,7.69
soil_0961.jpg,182,118,75,24.19,150.1,182.31,4.41
soil_0962.jpg,222,154,115,21.85,123.09,222.12,7.02
soil_0963.jpg,197,126,93,19.19,134.84,196.77,5.23
soil_0964.jpg,219,140,100,20.45,138.75,218.84,5.95
soil_0965.jpg,190,106,85,11.99,141.49,190.05,5.44
soil_0966.jpg,207,130,95,18.94,137.93,206.97,5.78
soil_0967.jpg,243,160,100,25.16,149.89,242.55,7.6
soil_0968.jpg,205,119,95,13.13,137.43,205.11,5.49
soil_0969.jpg,223,151,120,17.92,117.66,222.76,6.83
soil_0970.jpg,224,139,92,21.63,150.7,223.9,6.38
soil_0971.jpg,201,170,109,39.24,116.39,201.43,7.32
soil_0972.jpg,255,186,132,26.38,122.55,255.0,8.68
soil_0973.jpg,227,154,128,15.81,111.2,227.19,7.66
soil_0974.jpg,175,122,85,24.76,131.75,175.28,5.07
soil_0975.jpg,185,110,72,20.41,155.12,184.59,4.16
soil_0976.jpg,211,123,75,20.91,164.0,211.04,5.31
soil_0977.jpg,222,151,111,21.62,127.28,221.82,6.98
soil_0978.jpg,191,106,95,6.53,127.44,190.56,4.26
soil_0979.jpg,232,132,107,12.29,137.46,231.56,6.48
soil_0980.jpg,236,155,110,21.26,136.22,236.34,6.98
soil_0981.jpg,219,137,98,19.47,141.29,219.28,5.67
soil_0982.jpg,244,154,120,16.25,129.45,244.1,7.85
soil_0983.jpg,186,124,76,26.43,151.35,185.97,4.53
soil_0984.jpg,167,108,87,16.13,122.12,166.87,4.38
soil_0985.jpg,231,160,120,21.97,122.88,230.96,7.64
soil_0986.jpg,207,150,105,26.5,126.07,207.01,6.48
soil_0987.jpg,252,155,108,19.7,145.97,252.03,7.44
soil_0988.jpg,209,142,111,19.08,119.02,208.88,6.17
soil_0989.jpg,197,121,95,15.02,131.62,197.3,5.23
soil_0990.jpg,246,163,119,20.66,131.96,246.06,8.1
soil_0991.jpg,239,161,130,17.07,116.53,239.44,8.0
soil_0992.jpg,248,149,112,16.44,139.79,247.74,7.47
soil_0993.jpg,192,126,85,22.76,141.51,191.85,5.36
soil_0994.jpg,225,135,104,15.41,137.13,224.67,6.95
soil_0995.jpg,197,129,83,24.19,148.43,197.48,5.8
soil_0996.jpg,171,113,85,19.27,128.1,170.93,4.46
soil_0997.jpg,242,169,114,25.58,134.75,242.03,8.59
soil_0998.jpg,187,116,74,22.27,154.19,187.17,4.68
soil_0999.jpg,246,173,114,26.55,136.97,246.33,8.75
soil_1000.jpg,205,143,101,24.57,129.2,204.64,6.23
